INSERT INTO personne VALUES (1, "Diane-Thérèse Rossi", "Paul 1");
INSERT INTO personne VALUES (2, "Adrien Couturier de la Turpin", "Paul 2");
INSERT INTO personne VALUES (3, "Claire Bonnin du Tessier", "Paul 3");
INSERT INTO personne VALUES (4, "Nicole Royer", "Paul 4");
INSERT INTO personne VALUES (5, "Jeanne Leleu", "Paul 5");
INSERT INTO personne VALUES (6, "Patrick Charles", "Paul 6");
INSERT INTO personne VALUES (7, "Guy Pons", "Paul 7");
INSERT INTO personne VALUES (8, "Thérèse du Diaz", "Paul 8");
INSERT INTO personne VALUES (9, "Robert-Luc Leclercq", "Paul 9");
INSERT INTO personne VALUES (10, "Olivie Becker", "Paul 10");
INSERT INTO personne VALUES (11, "Alexandre Peron", "Paul 11");
INSERT INTO personne VALUES (12, "Bernard Gerard-Blondel", "Paul 12");
INSERT INTO personne VALUES (13, "Virginie de la Maillet", "Paul 13");
INSERT INTO personne VALUES (14, "Célina Georges", "Paul 14");
INSERT INTO personne VALUES (15, "Margaret du Peltier", "Paul 15");
INSERT INTO personne VALUES (16, "Léon Robert-Pierre", "Paul 16");
INSERT INTO personne VALUES (17, "Hugues Marchal", "Paul 17");
INSERT INTO personne VALUES (18, "Honoré Lopez-Cousin", "Paul 18");
INSERT INTO personne VALUES (19, "Claire Klein-Guillou", "Paul 19");
INSERT INTO personne VALUES (20, "Alix Alves", "Paul 20");
INSERT INTO personne VALUES (21, "Augustin Wagner-Hoareau", "Paul 21");
INSERT INTO personne VALUES (22, "André Buisson-Poirier", "Paul 22");
INSERT INTO personne VALUES (23, "Adrienne Huet", "Paul 23");
INSERT INTO personne VALUES (24, "Jacqueline Leleu", "Paul 24");
INSERT INTO personne VALUES (25, "Timothée Maillet", "Paul 25");
INSERT INTO personne VALUES (26, "Pénélope Andre-Roy", "Paul 26");
INSERT INTO personne VALUES (27, "Sophie Deschamps", "Paul 27");
INSERT INTO personne VALUES (28, "Olivier Bigot", "Paul 28");
INSERT INTO personne VALUES (29, "Robert Diallo", "Paul 29");
INSERT INTO personne VALUES (30, "Timothée Bouvet", "Paul 30");
INSERT INTO personne VALUES (31, "Alain Boulay", "Paul 31");
INSERT INTO personne VALUES (32, "Marie Nguyen-Jacob", "Paul 32");
INSERT INTO personne VALUES (33, "Benjamin Carlier", "Paul 33");
INSERT INTO personne VALUES (34, "Renée Pasquier", "Paul 34");
INSERT INTO personne VALUES (35, "Sylvie Vincent", "Paul 35");
INSERT INTO personne VALUES (36, "Eugène Guyon", "Paul 36");
INSERT INTO personne VALUES (37, "Roger Gonzalez", "Paul 37");
INSERT INTO personne VALUES (38, "Martine Herve", "Paul 38");
INSERT INTO personne VALUES (39, "Véronique Allain", "Paul 39");
INSERT INTO personne VALUES (40, "Adrien Seguin-Hamon", "Paul 40");
INSERT INTO personne VALUES (41, "Diane Philippe", "Paul 41");
INSERT INTO personne VALUES (42, "Michel Le Noel", "Paul 42");
INSERT INTO personne VALUES (43, "Laure de Couturier", "Paul 43");
INSERT INTO personne VALUES (44, "Anastasie Guillot", "Paul 44");
INSERT INTO personne VALUES (45, "Luc Navarro", "Paul 45");
INSERT INTO personne VALUES (46, "Alexandrie-Catherine Pereira", "Paul 46");
INSERT INTO personne VALUES (47, "Lucie Da Silva", "Paul 47");
INSERT INTO personne VALUES (48, "Benoît Roux Le Bailly", "Paul 48");
INSERT INTO personne VALUES (49, "Alfred de la Royer", "Paul 49");
INSERT INTO personne VALUES (50, "Claudine Marin", "Paul 50");
INSERT INTO personne VALUES (51, "Chantal Couturier", "Paul 51");
INSERT INTO personne VALUES (52, "David Collin", "Paul 52");
INSERT INTO personne VALUES (53, "Gabriel Le Breton", "Paul 53");
INSERT INTO personne VALUES (54, "Noémi Arnaud", "Paul 54");
INSERT INTO personne VALUES (55, "Luce Meunier", "Paul 55");
INSERT INTO personne VALUES (56, "Roland Maillot", "Paul 56");
INSERT INTO personne VALUES (57, "Noël Moreno", "Paul 57");
INSERT INTO personne VALUES (58, "Frédéric-Olivier Besnard", "Paul 58");
INSERT INTO personne VALUES (59, "Alice Menard de Martinez", "Paul 59");
INSERT INTO personne VALUES (60, "Sébastien Perrot", "Paul 60");
INSERT INTO personne VALUES (61, "Édouard Prevost-Thibault", "Paul 61");
INSERT INTO personne VALUES (62, "Thibaut Leduc de Thibault", "Paul 62");
INSERT INTO personne VALUES (63, "Daniel Pereira", "Paul 63");
INSERT INTO personne VALUES (64, "Robert Maury-Bernier", "Paul 64");
INSERT INTO personne VALUES (65, "Sophie Rousseau du Langlois", "Paul 65");
INSERT INTO personne VALUES (66, "Étienne Menard", "Paul 66");
INSERT INTO personne VALUES (67, "Richard Gilbert", "Paul 67");
INSERT INTO personne VALUES (68, "Renée Neveu", "Paul 68");
INSERT INTO personne VALUES (69, "Jeanne Peron", "Paul 69");
INSERT INTO personne VALUES (70, "Georges-Gilbert Gomes", "Paul 70");
INSERT INTO personne VALUES (71, "Émilie-Camille Perret", "Paul 71");
INSERT INTO personne VALUES (72, "Robert Bigot-Leroy", "Paul 72");
INSERT INTO personne VALUES (73, "Martine Guilbert", "Paul 73");
INSERT INTO personne VALUES (74, "Pierre Pottier de Carlier", "Paul 74");
INSERT INTO personne VALUES (75, "Aimée du Royer", "Paul 75");
INSERT INTO personne VALUES (76, "François Pierre", "Paul 76");
INSERT INTO personne VALUES (77, "Dorothée Pages Le Mahe", "Paul 77");
INSERT INTO personne VALUES (78, "Aurore du Maillard", "Paul 78");
INSERT INTO personne VALUES (79, "Marine Fouquet", "Paul 79");
INSERT INTO personne VALUES (80, "LEGRAND 80", "Paul 80");

INSERT INTO centre VALUES (11, "électricité");
INSERT INTO centre VALUES (12, "électricité");
INSERT INTO centre VALUES (13, "gaz");
INSERT INTO centre VALUES (21, "gaz");
INSERT INTO centre VALUES (22, "électricité");
INSERT INTO centre VALUES (23, "électricité");
INSERT INTO centre VALUES (24, "électricité");
INSERT INTO centre VALUES (31, "électricité");
INSERT INTO centre VALUES (32, "électricité");
INSERT INTO centre VALUES (33, "gaz");
INSERT INTO centre VALUES (41, "électricité");
INSERT INTO centre VALUES (42, "gaz");
INSERT INTO centre VALUES (43, "électricité");
INSERT INTO centre VALUES (44, "électricité");
INSERT INTO centre VALUES (45, "gaz");

INSERT INTO ville VALUES (10100, "Ville 1", "10");
INSERT INTO ville VALUES (10200, "Ville 2", "10");
INSERT INTO ville VALUES (20100, "Ville 3", "20");
INSERT INTO ville VALUES (20200, "Ville 4", "20");
INSERT INTO ville VALUES (30100, "Ville 5", "30");
INSERT INTO ville VALUES (40100, "Ville 6", "40");
INSERT INTO ville VALUES (50100, "Ville 7", "50");
INSERT INTO ville VALUES (50200, "Ville 8", "50");

INSERT INTO fournisseur VALUES ("Fournisseur 1");
INSERT INTO fournisseur VALUES ("Fournisseur 2");
INSERT INTO fournisseur VALUES ("Fournisseur 3");
INSERT INTO fournisseur VALUES ("Fournisseur 4");

INSERT INTO situe VALUES (11, 10100, "Adresse centre 11");
INSERT INTO situe VALUES (12, 10200, "Adresse centre 12");
INSERT INTO situe VALUES (13, 20100, "Adresse centre 13");
INSERT INTO situe VALUES (21, 20100, "Adresse centre 21");
INSERT INTO situe VALUES (22, 20200, "Adresse centre 22");
INSERT INTO situe VALUES (23, 30100, "Adresse centre 23");
INSERT INTO situe VALUES (24, 40100, "Adresse centre 24");
INSERT INTO situe VALUES (31, 40100, "Adresse centre 31");
INSERT INTO situe VALUES (32, 50100, "Adresse centre 32");
INSERT INTO situe VALUES (33, 50200, "Adresse centre 33");
INSERT INTO situe VALUES (41, 10100, "Adresse centre 41");
INSERT INTO situe VALUES (42, 20100, "Adresse centre 42");
INSERT INTO situe VALUES (43, 30100, "Adresse centre 43");
INSERT INTO situe VALUES (44, 40100, "Adresse centre 44");
INSERT INTO situe VALUES (45, 50100, "Adresse centre 45");

INSERT INTO habite VALUES (1, 10100, "Adresse de 1");
INSERT INTO habite VALUES (2, 10100, "Adresse de 2");
INSERT INTO habite VALUES (3, 10100, "Adresse de 3");
INSERT INTO habite VALUES (4, 10100, "Adresse de 4");
INSERT INTO habite VALUES (5, 10100, "Adresse de 5");
INSERT INTO habite VALUES (6, 10100, "Adresse de 6");
INSERT INTO habite VALUES (7, 10100, "Adresse de 7");
INSERT INTO habite VALUES (8, 10100, "Adresse de 8");
INSERT INTO habite VALUES (9, 10100, "Adresse de 9");
INSERT INTO habite VALUES (10, 10100, "Adresse de 10");
INSERT INTO habite VALUES (11, 10200, "Adresse de 11");
INSERT INTO habite VALUES (12, 10200, "Adresse de 12");
INSERT INTO habite VALUES (13, 10200, "Adresse de 13");
INSERT INTO habite VALUES (14, 10200, "Adresse de 14");
INSERT INTO habite VALUES (15, 10200, "Adresse de 15");
INSERT INTO habite VALUES (16, 10200, "Adresse de 16");
INSERT INTO habite VALUES (17, 10200, "Adresse de 17");
INSERT INTO habite VALUES (18, 10200, "Adresse de 18");
INSERT INTO habite VALUES (19, 10200, "Adresse de 19");
INSERT INTO habite VALUES (20, 10200, "Adresse de 20");
INSERT INTO habite VALUES (21, 20100, "Adresse de 21");
INSERT INTO habite VALUES (22, 20100, "Adresse de 22");
INSERT INTO habite VALUES (23, 20100, "Adresse de 23");
INSERT INTO habite VALUES (24, 20100, "Adresse de 24");
INSERT INTO habite VALUES (25, 20100, "Adresse de 25");
INSERT INTO habite VALUES (26, 20100, "Adresse de 26");
INSERT INTO habite VALUES (27, 20100, "Adresse de 27");
INSERT INTO habite VALUES (28, 20100, "Adresse de 28");
INSERT INTO habite VALUES (29, 20100, "Adresse de 29");
INSERT INTO habite VALUES (30, 20100, "Adresse de 30");
INSERT INTO habite VALUES (31, 20200, "Adresse de 31");
INSERT INTO habite VALUES (32, 20200, "Adresse de 32");
INSERT INTO habite VALUES (33, 20200, "Adresse de 33");
INSERT INTO habite VALUES (34, 20200, "Adresse de 34");
INSERT INTO habite VALUES (35, 20200, "Adresse de 35");
INSERT INTO habite VALUES (36, 20200, "Adresse de 36");
INSERT INTO habite VALUES (37, 20200, "Adresse de 37");
INSERT INTO habite VALUES (38, 20200, "Adresse de 38");
INSERT INTO habite VALUES (39, 20200, "Adresse de 39");
INSERT INTO habite VALUES (40, 20200, "Adresse de 40");
INSERT INTO habite VALUES (41, 30100, "Adresse de 41");
INSERT INTO habite VALUES (42, 30100, "Adresse de 42");
INSERT INTO habite VALUES (43, 30100, "Adresse de 43");
INSERT INTO habite VALUES (44, 30100, "Adresse de 44");
INSERT INTO habite VALUES (45, 30100, "Adresse de 45");
INSERT INTO habite VALUES (46, 30100, "Adresse de 46");
INSERT INTO habite VALUES (47, 30100, "Adresse de 47");
INSERT INTO habite VALUES (48, 30100, "Adresse de 48");
INSERT INTO habite VALUES (49, 30100, "Adresse de 49");
INSERT INTO habite VALUES (50, 30100, "Adresse de 50");
INSERT INTO habite VALUES (51, 40100, "Adresse de 51");
INSERT INTO habite VALUES (52, 40100, "Adresse de 52");
INSERT INTO habite VALUES (53, 40100, "Adresse de 53");
INSERT INTO habite VALUES (54, 40100, "Adresse de 54");
INSERT INTO habite VALUES (55, 40100, "Adresse de 55");
INSERT INTO habite VALUES (56, 40100, "Adresse de 56");
INSERT INTO habite VALUES (57, 40100, "Adresse de 57");
INSERT INTO habite VALUES (58, 40100, "Adresse de 58");
INSERT INTO habite VALUES (59, 40100, "Adresse de 59");
INSERT INTO habite VALUES (60, 40100, "Adresse de 60");
INSERT INTO habite VALUES (61, 50100, "Adresse de 61");
INSERT INTO habite VALUES (62, 50100, "Adresse de 62");
INSERT INTO habite VALUES (63, 50100, "Adresse de 63");
INSERT INTO habite VALUES (64, 50100, "Adresse de 64");
INSERT INTO habite VALUES (65, 50100, "Adresse de 65");
INSERT INTO habite VALUES (66, 50100, "Adresse de 66");
INSERT INTO habite VALUES (67, 50100, "Adresse de 67");
INSERT INTO habite VALUES (68, 50100, "Adresse de 68");
INSERT INTO habite VALUES (69, 50100, "Adresse de 69");
INSERT INTO habite VALUES (70, 50100, "Adresse de 70");
INSERT INTO habite VALUES (71, 50200, "Adresse de 71");
INSERT INTO habite VALUES (72, 50200, "Adresse de 72");
INSERT INTO habite VALUES (73, 50200, "Adresse de 73");
INSERT INTO habite VALUES (74, 50200, "Adresse de 74");
INSERT INTO habite VALUES (75, 50200, "Adresse de 75");
INSERT INTO habite VALUES (76, 50200, "Adresse de 76");
INSERT INTO habite VALUES (77, 50200, "Adresse de 77");
INSERT INTO habite VALUES (78, 50200, "Adresse de 78");
INSERT INTO habite VALUES (79, 50200, "Adresse de 79");
INSERT INTO habite VALUES (80, 50200, "Adresse de 80");

INSERT INTO facture VALUES (1, 1, "Fournisseur 1", 21);
INSERT INTO facture VALUES (2, 2, "Fournisseur 1", 21);
INSERT INTO facture VALUES (3, 3, "Fournisseur 1", 21);
INSERT INTO facture VALUES (4, 4, "Fournisseur 1", 21);
INSERT INTO facture VALUES (5, 5, "Fournisseur 1", 21);
INSERT INTO facture VALUES (6, 6, "Fournisseur 4", 27);
INSERT INTO facture VALUES (7, 7, "Fournisseur 4", 27);
INSERT INTO facture VALUES (8, 8, "Fournisseur 4", 27);
INSERT INTO facture VALUES (9, 9, "Fournisseur 4", 27);
INSERT INTO facture VALUES (10, 10, "Fournisseur 4", 27);
INSERT INTO facture VALUES (11, 11, "Fournisseur 1", 21);
INSERT INTO facture VALUES (12, 12, "Fournisseur 1", 21);
INSERT INTO facture VALUES (13, 13, "Fournisseur 1", 21);
INSERT INTO facture VALUES (14, 14, "Fournisseur 1", 21);
INSERT INTO facture VALUES (15, 15, "Fournisseur 1", 21);
INSERT INTO facture VALUES (16, 16, "Fournisseur 1", 21);
INSERT INTO facture VALUES (17, 17, "Fournisseur 1", 21);
INSERT INTO facture VALUES (18, 18, "Fournisseur 1", 21);
INSERT INTO facture VALUES (19, 19, "Fournisseur 1", 21);
INSERT INTO facture VALUES (20, 20, "Fournisseur 1", 21);
INSERT INTO facture VALUES (21, 21, "Fournisseur 1", 21);
INSERT INTO facture VALUES (22, 22, "Fournisseur 1", 21);
INSERT INTO facture VALUES (23, 23, "Fournisseur 1", 21);
INSERT INTO facture VALUES (24, 24, "Fournisseur 2", 23);
INSERT INTO facture VALUES (25, 25, "Fournisseur 2", 23);
INSERT INTO facture VALUES (26, 26, "Fournisseur 2", 23);
INSERT INTO facture VALUES (27, 27, "Fournisseur 4", 27);
INSERT INTO facture VALUES (28, 28, "Fournisseur 4", 27);
INSERT INTO facture VALUES (29, 29, "Fournisseur 4", 27);
INSERT INTO facture VALUES (30, 30, "Fournisseur 4", 27);
INSERT INTO facture VALUES (31, 31, "Fournisseur 2", 23);
INSERT INTO facture VALUES (32, 32, "Fournisseur 2", 23);
INSERT INTO facture VALUES (33, 33, "Fournisseur 2", 23);
INSERT INTO facture VALUES (34, 34, "Fournisseur 2", 23);
INSERT INTO facture VALUES (35, 35, "Fournisseur 2", 23);
INSERT INTO facture VALUES (36, 36, "Fournisseur 2", 23);
INSERT INTO facture VALUES (37, 37, "Fournisseur 2", 23);
INSERT INTO facture VALUES (38, 38, "Fournisseur 2", 23);
INSERT INTO facture VALUES (39, 39, "Fournisseur 2", 23);
INSERT INTO facture VALUES (40, 40, "Fournisseur 2", 23);
INSERT INTO facture VALUES (41, 41, "Fournisseur 2", 23);
INSERT INTO facture VALUES (42, 42, "Fournisseur 2", 23);
INSERT INTO facture VALUES (43, 43, "Fournisseur 2", 23);
INSERT INTO facture VALUES (44, 44, "Fournisseur 2", 23);
INSERT INTO facture VALUES (45, 45, "Fournisseur 2", 23);
INSERT INTO facture VALUES (46, 46, "Fournisseur 4", 27);
INSERT INTO facture VALUES (47, 47, "Fournisseur 4", 27);
INSERT INTO facture VALUES (48, 48, "Fournisseur 4", 27);
INSERT INTO facture VALUES (49, 49, "Fournisseur 4", 27);
INSERT INTO facture VALUES (50, 50, "Fournisseur 4", 27);
INSERT INTO facture VALUES (51, 51, "Fournisseur 2", 23);
INSERT INTO facture VALUES (52, 52, "Fournisseur 2", 23);
INSERT INTO facture VALUES (53, 53, "Fournisseur 2", 23);
INSERT INTO facture VALUES (54, 54, "Fournisseur 3", 25);
INSERT INTO facture VALUES (55, 55, "Fournisseur 3", 25);
INSERT INTO facture VALUES (56, 56, "Fournisseur 3", 25);
INSERT INTO facture VALUES (57, 57, "Fournisseur 4", 27);
INSERT INTO facture VALUES (58, 58, "Fournisseur 4", 27);
INSERT INTO facture VALUES (59, 59, "Fournisseur 4", 27);
INSERT INTO facture VALUES (60, 60, "Fournisseur 4", 27);
INSERT INTO facture VALUES (61, 61, "Fournisseur 3", 25);
INSERT INTO facture VALUES (62, 62, "Fournisseur 3", 25);
INSERT INTO facture VALUES (63, 63, "Fournisseur 3", 25);
INSERT INTO facture VALUES (64, 64, "Fournisseur 3", 25);
INSERT INTO facture VALUES (65, 65, "Fournisseur 3", 25);
INSERT INTO facture VALUES (66, 66, "Fournisseur 3", 25);
INSERT INTO facture VALUES (67, 67, "Fournisseur 3", 25);
INSERT INTO facture VALUES (68, 68, "Fournisseur 3", 25);
INSERT INTO facture VALUES (69, 69, "Fournisseur 3", 25);
INSERT INTO facture VALUES (70, 70, "Fournisseur 3", 25);
INSERT INTO facture VALUES (71, 71, "Fournisseur 3", 25);
INSERT INTO facture VALUES (72, 72, "Fournisseur 3", 25);
INSERT INTO facture VALUES (73, 73, "Fournisseur 3", 25);
INSERT INTO facture VALUES (74, 74, "Fournisseur 3", 25);
INSERT INTO facture VALUES (75, 75, "Fournisseur 3", 25);
INSERT INTO facture VALUES (76, 76, "Fournisseur 4", 27);
INSERT INTO facture VALUES (77, 77, "Fournisseur 4", 27);
INSERT INTO facture VALUES (78, 78, "Fournisseur 4", 27);
INSERT INTO facture VALUES (79, 79, "Fournisseur 4", 27);
INSERT INTO facture VALUES (80, 80, "Fournisseur 4", 27);

INSERT INTO consomme VALUES (1,9, 1, 11);
INSERT INTO consomme VALUES (2,8, 2, 11);
INSERT INTO consomme VALUES (3,9, 3, 11);
INSERT INTO consomme VALUES (4,9, 4, 11);
INSERT INTO consomme VALUES (5,6, 5, 11);
INSERT INTO consomme VALUES (6,6, 6, 41);
INSERT INTO consomme VALUES (7,6, 7, 41);
INSERT INTO consomme VALUES (8,5, 8, 41);
INSERT INTO consomme VALUES (9,4, 9, 41);
INSERT INTO consomme VALUES (10,10, 10, 41);
INSERT INTO consomme VALUES (11,8, 11, 12);
INSERT INTO consomme VALUES (12,7, 12, 12);
INSERT INTO consomme VALUES (13,10, 13, 12);
INSERT INTO consomme VALUES (14,10, 14, 12);
INSERT INTO consomme VALUES (15,8, 15, 12);
INSERT INTO consomme VALUES (16,3, 16, 12);
INSERT INTO consomme VALUES (17,4, 17, 12);
INSERT INTO consomme VALUES (18,3, 18, 12);
INSERT INTO consomme VALUES (19,8, 19, 12);
INSERT INTO consomme VALUES (20,5, 20, 12);
INSERT INTO consomme VALUES (21,2, 21, 13);
INSERT INTO consomme VALUES (22,9, 22, 13);
INSERT INTO consomme VALUES (23,7, 23, 13);
INSERT INTO consomme VALUES (24,6, 24, 21);
INSERT INTO consomme VALUES (25,4, 25, 21);
INSERT INTO consomme VALUES (26,4, 26, 21);
INSERT INTO consomme VALUES (27,1, 27, 42);
INSERT INTO consomme VALUES (28,7, 28, 42);
INSERT INTO consomme VALUES (29,6, 29, 42);
INSERT INTO consomme VALUES (30,7, 30, 42);
INSERT INTO consomme VALUES (31,5, 31, 22);
INSERT INTO consomme VALUES (32,4, 32, 22);
INSERT INTO consomme VALUES (33,1, 33, 22);
INSERT INTO consomme VALUES (34,9, 34, 22);
INSERT INTO consomme VALUES (35,9, 35, 22);
INSERT INTO consomme VALUES (36,7, 36, 22);
INSERT INTO consomme VALUES (37,3, 37, 22);
INSERT INTO consomme VALUES (38,5, 38, 22);
INSERT INTO consomme VALUES (39,2, 39, 22);
INSERT INTO consomme VALUES (40,9, 40, 22);
INSERT INTO consomme VALUES (41,1, 41, 23);
INSERT INTO consomme VALUES (42,7, 42, 23);
INSERT INTO consomme VALUES (43,5, 43, 23);
INSERT INTO consomme VALUES (44,7, 44, 23);
INSERT INTO consomme VALUES (45,10, 45, 23);
INSERT INTO consomme VALUES (46,1, 46, 43);
INSERT INTO consomme VALUES (47,3, 47, 43);
INSERT INTO consomme VALUES (48,7, 48, 43);
INSERT INTO consomme VALUES (49,1, 49, 43);
INSERT INTO consomme VALUES (50,7, 50, 43);
INSERT INTO consomme VALUES (51,1, 51, 24);
INSERT INTO consomme VALUES (52,7, 52, 24);
INSERT INTO consomme VALUES (53,5, 53, 24);
INSERT INTO consomme VALUES (54,5, 54, 31);
INSERT INTO consomme VALUES (55,3, 55, 31);
INSERT INTO consomme VALUES (56,4, 56, 31);
INSERT INTO consomme VALUES (57,1, 57, 44);
INSERT INTO consomme VALUES (58,9, 58, 44);
INSERT INTO consomme VALUES (59,4, 59, 44);
INSERT INTO consomme VALUES (60,10, 60, 44);
INSERT INTO consomme VALUES (61,9, 61, 32);
INSERT INTO consomme VALUES (62,4, 62, 32);
INSERT INTO consomme VALUES (63,5, 63, 32);
INSERT INTO consomme VALUES (64,4, 64, 32);
INSERT INTO consomme VALUES (65,3, 65, 32);
INSERT INTO consomme VALUES (66,8, 66, 32);
INSERT INTO consomme VALUES (67,10, 67, 32);
INSERT INTO consomme VALUES (68,2, 68, 32);
INSERT INTO consomme VALUES (69,1, 69, 32);
INSERT INTO consomme VALUES (70,5, 70, 32);
INSERT INTO consomme VALUES (71,7, 71, 33);
INSERT INTO consomme VALUES (72,2, 72, 33);
INSERT INTO consomme VALUES (73,8, 73, 33);
INSERT INTO consomme VALUES (74,2, 74, 33);
INSERT INTO consomme VALUES (75,5, 75, 33);
INSERT INTO consomme VALUES (76,9, 76, 45);
INSERT INTO consomme VALUES (77,4, 77, 45);
INSERT INTO consomme VALUES (78,6, 78, 45);
INSERT INTO consomme VALUES (79,8, 79, 45);
INSERT INTO consomme VALUES (80,3, 80, 45);
