INSERT INTO personne VALUES (1, "Frolov", "Tim");
INSERT INTO personne VALUES (2, "Thérèse-Rossi", "Diane");
INSERT INTO personne VALUES (3, "Couturier-de-la-Turpin", "Adrien");
INSERT INTO personne VALUES (4, "Bonnin-du-Tessier", "Claire");
INSERT INTO personne VALUES (5, "Royer", "Nicole");
INSERT INTO personne VALUES (6, "Leleu", "Jeanne");
INSERT INTO personne VALUES (7, "Charles", "Patrick");
INSERT INTO personne VALUES (8, "Pons", "Guy");
INSERT INTO personne VALUES (9, "du-Diaz", "Thérèse");
INSERT INTO personne VALUES (10, "Luc-Leclercq", "Robert");
INSERT INTO personne VALUES (11, "Becker", "Olivie");
INSERT INTO personne VALUES (12, "Peron", "Alexandre");
INSERT INTO personne VALUES (13, "Gerard-Blondel", "Bernard");
INSERT INTO personne VALUES (14, "de-la-Maillet", "Virginie");
INSERT INTO personne VALUES (15, "Georges", "Célina");
INSERT INTO personne VALUES (16, "du-Peltier", "Margaret");
INSERT INTO personne VALUES (17, "Robert-Pierre", "Léon");
INSERT INTO personne VALUES (18, "Marchal", "Hugues");
INSERT INTO personne VALUES (19, "Lopez-Cousin", "Honoré");
INSERT INTO personne VALUES (20, "Klein-Guillou", "Claire");
INSERT INTO personne VALUES (21, "Alves", "Alix");
INSERT INTO personne VALUES (22, "Wagner-Hoareau", "Augustin-");
INSERT INTO personne VALUES (23, "Buisson-Poirier", "André");
INSERT INTO personne VALUES (24, "Huet", "Adrienne");
INSERT INTO personne VALUES (25, "Leleu", "Jacqueline");
INSERT INTO personne VALUES (26, "Maillet", "Timothée");
INSERT INTO personne VALUES (27, "Andre-Roy", "Pénélope");
INSERT INTO personne VALUES (28, "Deschamps", "Sophie");
INSERT INTO personne VALUES (29, "Bigot", "Olivier");
INSERT INTO personne VALUES (30, "Diallo", "Robert");
INSERT INTO personne VALUES (31, "Bouvet", "Timothée");
INSERT INTO personne VALUES (32, "Boulay", "Alain");
INSERT INTO personne VALUES (33, "Nguyen-Jacob", "Marie");
INSERT INTO personne VALUES (34, "Carlier", "Benjamin");
INSERT INTO personne VALUES (35, "Pasquier", "Renée");
INSERT INTO personne VALUES (36, "Vincent", "Sylvie");
INSERT INTO personne VALUES (37, "Guyon", "Eugène");
INSERT INTO personne VALUES (38, "Gonzalez", "Roger");
INSERT INTO personne VALUES (39, "Herve", "Martine");
INSERT INTO personne VALUES (40, "Allain", "Véronique");
INSERT INTO personne VALUES (41, "Seguin-Hamon", "Adrien");
INSERT INTO personne VALUES (42, "Philippe", "Diane");
INSERT INTO personne VALUES (43, "Le-Noel", "Michel");
INSERT INTO personne VALUES (44, "de-Couturier", "Laure");
INSERT INTO personne VALUES (45, "Guillot", "Anastasie");
INSERT INTO personne VALUES (46, "Navarro", "Luce");
INSERT INTO personne VALUES (47, "Catherine-Pereira", "Alexandrie");
INSERT INTO personne VALUES (48, "Da-Silva", "Lucie");
INSERT INTO personne VALUES (49, "Roux-Le-Bailly", "Benoît");
INSERT INTO personne VALUES (50, "de-la-Royer", "Alfred");
INSERT INTO personne VALUES (51, "Marin", "Claudine");
INSERT INTO personne VALUES (52, "Couturier", "Chantal");
INSERT INTO personne VALUES (53, "Collin", "David");
INSERT INTO personne VALUES (54, "Le-Breton", "Gabriel");
INSERT INTO personne VALUES (55, "Arnaud", "Noémi");
INSERT INTO personne VALUES (56, "Meunier", "Luce");
INSERT INTO personne VALUES (57, "Maillot", "Roland");
INSERT INTO personne VALUES (58, "Moreno", "Noël");
INSERT INTO personne VALUES (59, "Olivier-Besnard", "Frédéric");
INSERT INTO personne VALUES (60, "de-Martinez", "Alice-Menard");
INSERT INTO personne VALUES (61, "Perrot", "Sébastien");
INSERT INTO personne VALUES (62, "Prevost-Thibault", "Édouard");
INSERT INTO personne VALUES (63, "de-Thibault", "Thibaut-Leduc");
INSERT INTO personne VALUES (64, "Pereira", "Daniel");
INSERT INTO personne VALUES (65, "Maury-Bernier", "Robert");
INSERT INTO personne VALUES (66, "Rousseau-du-Langlois", "Sophie");
INSERT INTO personne VALUES (67, "Menard", "Étienne");
INSERT INTO personne VALUES (68, "Gilbert", "Richard");
INSERT INTO personne VALUES (69, "Neveu", "Renée");
INSERT INTO personne VALUES (70, "Peron", "Jeanne");
INSERT INTO personne VALUES (71, "Gilbert-Gomes", "Georges");
INSERT INTO personne VALUES (72, "Camille-Perret", "Émilie");
INSERT INTO personne VALUES (73, "Bigot-Leroy", "Robert");
INSERT INTO personne VALUES (74, "Guilbert", "Martine");
INSERT INTO personne VALUES (75, "Pottier-de-Carlier", "Pierre");
INSERT INTO personne VALUES (76, "du-Royer", "Aimée");
INSERT INTO personne VALUES (77, "Pierre", "François");
INSERT INTO personne VALUES (78, "Pages-Le-Mahe", "Dorothée");
INSERT INTO personne VALUES (79, "du-Maillard", "Aurore");
INSERT INTO personne VALUES (80, "Fouquet", "Marine");

INSERT INTO centre VALUES (11, "électricité");
INSERT INTO centre VALUES (12, "électricité");
INSERT INTO centre VALUES (13, "gaz");
INSERT INTO centre VALUES (21, "gaz");
INSERT INTO centre VALUES (22, "électricité");
INSERT INTO centre VALUES (23, "électricité");
INSERT INTO centre VALUES (24, "électricité");
INSERT INTO centre VALUES (31, "électricité");
INSERT INTO centre VALUES (32, "électricité");
INSERT INTO centre VALUES (33, "gaz");
INSERT INTO centre VALUES (41, "électricité");
INSERT INTO centre VALUES (42, "gaz");
INSERT INTO centre VALUES (43, "électricité");
INSERT INTO centre VALUES (44, "électricité");
INSERT INTO centre VALUES (45, "gaz");

INSERT INTO ville VALUES (10100, "Ville 1", "10");
INSERT INTO ville VALUES (10200, "Ville 2", "10");
INSERT INTO ville VALUES (20100, "Ville 3", "20");
INSERT INTO ville VALUES (20200, "Ville 4", "20");
INSERT INTO ville VALUES (30100, "Ville 5", "30");
INSERT INTO ville VALUES (40100, "Ville 6", "40");
INSERT INTO ville VALUES (50100, "Ville 7", "50");
INSERT INTO ville VALUES (50200, "Ville 8", "50");

INSERT INTO fournisseur VALUES ("Fournisseur 1");
INSERT INTO fournisseur VALUES ("Fournisseur 2");
INSERT INTO fournisseur VALUES ("Fournisseur 3");
INSERT INTO fournisseur VALUES ("Fournisseur 4");

INSERT INTO situe VALUES (11, 10100, "Adresse centre 11");
INSERT INTO situe VALUES (12, 10200, "Adresse centre 12");
INSERT INTO situe VALUES (13, 20100, "Adresse centre 13");
INSERT INTO situe VALUES (21, 20100, "Adresse centre 21");
INSERT INTO situe VALUES (22, 20200, "Adresse centre 22");
INSERT INTO situe VALUES (23, 30100, "Adresse centre 23");
INSERT INTO situe VALUES (24, 40100, "Adresse centre 24");
INSERT INTO situe VALUES (31, 40100, "Adresse centre 31");
INSERT INTO situe VALUES (32, 50100, "Adresse centre 32");
INSERT INTO situe VALUES (33, 50200, "Adresse centre 33");
INSERT INTO situe VALUES (41, 10100, "Adresse centre 41");
INSERT INTO situe VALUES (42, 20100, "Adresse centre 42");
INSERT INTO situe VALUES (43, 30100, "Adresse centre 43");
INSERT INTO situe VALUES (44, 40100, "Adresse centre 44");
INSERT INTO situe VALUES (45, 50100, "Adresse centre 45");

INSERT INTO habite VALUES (1, 10100, "Adresse de 1");
INSERT INTO habite VALUES (2, 10100, "Adresse de 2");
INSERT INTO habite VALUES (3, 10100, "Adresse de 3");
INSERT INTO habite VALUES (4, 10100, "Adresse de 4");
INSERT INTO habite VALUES (5, 10100, "Adresse de 5");
INSERT INTO habite VALUES (6, 10100, "Adresse de 6");
INSERT INTO habite VALUES (7, 10100, "Adresse de 7");
INSERT INTO habite VALUES (8, 10100, "Adresse de 8");
INSERT INTO habite VALUES (9, 10100, "Adresse de 9");
INSERT INTO habite VALUES (10, 10100, "Adresse de 10");
INSERT INTO habite VALUES (11, 10200, "Adresse de 11");
INSERT INTO habite VALUES (12, 10200, "Adresse de 12");
INSERT INTO habite VALUES (13, 10200, "Adresse de 13");
INSERT INTO habite VALUES (14, 10200, "Adresse de 14");
INSERT INTO habite VALUES (15, 10200, "Adresse de 15");
INSERT INTO habite VALUES (16, 10200, "Adresse de 16");
INSERT INTO habite VALUES (17, 10200, "Adresse de 17");
INSERT INTO habite VALUES (18, 10200, "Adresse de 18");
INSERT INTO habite VALUES (19, 10200, "Adresse de 19");
INSERT INTO habite VALUES (20, 10200, "Adresse de 20");
INSERT INTO habite VALUES (21, 20100, "Adresse de 21");
INSERT INTO habite VALUES (22, 20100, "Adresse de 22");
INSERT INTO habite VALUES (23, 20100, "Adresse de 23");
INSERT INTO habite VALUES (24, 20100, "Adresse de 24");
INSERT INTO habite VALUES (25, 20100, "Adresse de 25");
INSERT INTO habite VALUES (26, 20100, "Adresse de 26");
INSERT INTO habite VALUES (27, 20100, "Adresse de 27");
INSERT INTO habite VALUES (28, 20100, "Adresse de 28");
INSERT INTO habite VALUES (29, 20100, "Adresse de 29");
INSERT INTO habite VALUES (30, 20100, "Adresse de 30");
INSERT INTO habite VALUES (31, 20200, "Adresse de 31");
INSERT INTO habite VALUES (32, 20200, "Adresse de 32");
INSERT INTO habite VALUES (33, 20200, "Adresse de 33");
INSERT INTO habite VALUES (34, 20200, "Adresse de 34");
INSERT INTO habite VALUES (35, 20200, "Adresse de 35");
INSERT INTO habite VALUES (36, 20200, "Adresse de 36");
INSERT INTO habite VALUES (37, 20200, "Adresse de 37");
INSERT INTO habite VALUES (38, 20200, "Adresse de 38");
INSERT INTO habite VALUES (39, 20200, "Adresse de 39");
INSERT INTO habite VALUES (40, 20200, "Adresse de 40");
INSERT INTO habite VALUES (41, 30100, "Adresse de 41");
INSERT INTO habite VALUES (42, 30100, "Adresse de 42");
INSERT INTO habite VALUES (43, 30100, "Adresse de 43");
INSERT INTO habite VALUES (44, 30100, "Adresse de 44");
INSERT INTO habite VALUES (45, 30100, "Adresse de 45");
INSERT INTO habite VALUES (46, 30100, "Adresse de 46");
INSERT INTO habite VALUES (47, 30100, "Adresse de 47");
INSERT INTO habite VALUES (48, 30100, "Adresse de 48");
INSERT INTO habite VALUES (49, 30100, "Adresse de 49");
INSERT INTO habite VALUES (50, 30100, "Adresse de 50");
INSERT INTO habite VALUES (51, 40100, "Adresse de 51");
INSERT INTO habite VALUES (52, 40100, "Adresse de 52");
INSERT INTO habite VALUES (53, 40100, "Adresse de 53");
INSERT INTO habite VALUES (54, 40100, "Adresse de 54");
INSERT INTO habite VALUES (55, 40100, "Adresse de 55");
INSERT INTO habite VALUES (56, 40100, "Adresse de 56");
INSERT INTO habite VALUES (57, 40100, "Adresse de 57");
INSERT INTO habite VALUES (58, 40100, "Adresse de 58");
INSERT INTO habite VALUES (59, 40100, "Adresse de 59");
INSERT INTO habite VALUES (60, 40100, "Adresse de 60");
INSERT INTO habite VALUES (61, 50100, "Adresse de 61");
INSERT INTO habite VALUES (62, 50100, "Adresse de 62");
INSERT INTO habite VALUES (63, 50100, "Adresse de 63");
INSERT INTO habite VALUES (64, 50100, "Adresse de 64");
INSERT INTO habite VALUES (65, 50100, "Adresse de 65");
INSERT INTO habite VALUES (66, 50100, "Adresse de 66");
INSERT INTO habite VALUES (67, 50100, "Adresse de 67");
INSERT INTO habite VALUES (68, 50100, "Adresse de 68");
INSERT INTO habite VALUES (69, 50100, "Adresse de 69");
INSERT INTO habite VALUES (70, 50100, "Adresse de 70");
INSERT INTO habite VALUES (71, 50200, "Adresse de 71");
INSERT INTO habite VALUES (72, 50200, "Adresse de 72");
INSERT INTO habite VALUES (73, 50200, "Adresse de 73");
INSERT INTO habite VALUES (74, 50200, "Adresse de 74");
INSERT INTO habite VALUES (75, 50200, "Adresse de 75");
INSERT INTO habite VALUES (76, 50200, "Adresse de 76");
INSERT INTO habite VALUES (77, 50200, "Adresse de 77");
INSERT INTO habite VALUES (78, 50200, "Adresse de 78");
INSERT INTO habite VALUES (79, 50200, "Adresse de 79");
INSERT INTO habite VALUES (80, 50200, "Adresse de 80");

INSERT INTO facture VALUES (1, 1, "Fournisseur 1", 0.21);
INSERT INTO facture VALUES (2, 2, "Fournisseur 1", 0.21);
INSERT INTO facture VALUES (3, 3, "Fournisseur 1", 0.21);
INSERT INTO facture VALUES (4, 4, "Fournisseur 1", 0.21);
INSERT INTO facture VALUES (5, 5, "Fournisseur 1", 0.21);
INSERT INTO facture VALUES (6, 6, "Fournisseur 4", 0.27);
INSERT INTO facture VALUES (7, 7, "Fournisseur 4", 0.27);
INSERT INTO facture VALUES (8, 8, "Fournisseur 4", 0.27);
INSERT INTO facture VALUES (9, 9, "Fournisseur 4", 0.27);
INSERT INTO facture VALUES (10, 10, "Fournisseur 4", 0.27);
INSERT INTO facture VALUES (11, 11, "Fournisseur 1", 0.21);
INSERT INTO facture VALUES (12, 12, "Fournisseur 1", 0.21);
INSERT INTO facture VALUES (13, 13, "Fournisseur 1", 0.21);
INSERT INTO facture VALUES (14, 14, "Fournisseur 1", 0.21);
INSERT INTO facture VALUES (15, 15, "Fournisseur 1", 0.21);
INSERT INTO facture VALUES (16, 16, "Fournisseur 1", 0.21);
INSERT INTO facture VALUES (17, 17, "Fournisseur 1", 0.21);
INSERT INTO facture VALUES (18, 18, "Fournisseur 1", 0.21);
INSERT INTO facture VALUES (19, 19, "Fournisseur 1", 0.21);
INSERT INTO facture VALUES (20, 20, "Fournisseur 1", 0.21);
INSERT INTO facture VALUES (21, 21, "Fournisseur 1", 0.21);
INSERT INTO facture VALUES (22, 22, "Fournisseur 1", 0.21);
INSERT INTO facture VALUES (23, 23, "Fournisseur 1", 0.21);
INSERT INTO facture VALUES (24, 24, "Fournisseur 2", 0.23);
INSERT INTO facture VALUES (25, 25, "Fournisseur 2", 0.23);
INSERT INTO facture VALUES (26, 26, "Fournisseur 2", 0.23);
INSERT INTO facture VALUES (27, 27, "Fournisseur 4", 0.27);
INSERT INTO facture VALUES (28, 28, "Fournisseur 4", 0.27);
INSERT INTO facture VALUES (29, 29, "Fournisseur 4", 0.27);
INSERT INTO facture VALUES (30, 30, "Fournisseur 4", 0.27);
INSERT INTO facture VALUES (31, 31, "Fournisseur 2", 0.23);
INSERT INTO facture VALUES (32, 32, "Fournisseur 2", 0.23);
INSERT INTO facture VALUES (33, 33, "Fournisseur 2", 0.23);
INSERT INTO facture VALUES (34, 34, "Fournisseur 2", 0.23);
INSERT INTO facture VALUES (35, 35, "Fournisseur 2", 0.23);
INSERT INTO facture VALUES (36, 36, "Fournisseur 2", 0.23);
INSERT INTO facture VALUES (37, 37, "Fournisseur 2", 0.23);
INSERT INTO facture VALUES (38, 38, "Fournisseur 2", 0.23);
INSERT INTO facture VALUES (39, 39, "Fournisseur 2", 0.23);
INSERT INTO facture VALUES (40, 40, "Fournisseur 2", 0.23);
INSERT INTO facture VALUES (41, 41, "Fournisseur 2", 0.23);
INSERT INTO facture VALUES (42, 42, "Fournisseur 2", 0.23);
INSERT INTO facture VALUES (43, 43, "Fournisseur 2", 0.23);
INSERT INTO facture VALUES (44, 44, "Fournisseur 2", 0.23);
INSERT INTO facture VALUES (45, 45, "Fournisseur 2", 0.23);
INSERT INTO facture VALUES (46, 46, "Fournisseur 4", 0.27);
INSERT INTO facture VALUES (47, 47, "Fournisseur 4", 0.27);
INSERT INTO facture VALUES (48, 48, "Fournisseur 4", 0.27);
INSERT INTO facture VALUES (49, 49, "Fournisseur 4", 0.27);
INSERT INTO facture VALUES (50, 50, "Fournisseur 4", 0.27);
INSERT INTO facture VALUES (51, 51, "Fournisseur 2", 0.23);
INSERT INTO facture VALUES (52, 52, "Fournisseur 2", 0.23);
INSERT INTO facture VALUES (53, 53, "Fournisseur 2", 0.23);
INSERT INTO facture VALUES (54, 54, "Fournisseur 3", 0.25);
INSERT INTO facture VALUES (55, 55, "Fournisseur 3", 0.25);
INSERT INTO facture VALUES (56, 56, "Fournisseur 3", 0.25);
INSERT INTO facture VALUES (57, 57, "Fournisseur 4", 0.27);
INSERT INTO facture VALUES (58, 58, "Fournisseur 4", 0.27);
INSERT INTO facture VALUES (59, 59, "Fournisseur 4", 0.27);
INSERT INTO facture VALUES (60, 60, "Fournisseur 4", 0.27);
INSERT INTO facture VALUES (61, 61, "Fournisseur 3", 0.25);
INSERT INTO facture VALUES (62, 62, "Fournisseur 3", 0.25);
INSERT INTO facture VALUES (63, 63, "Fournisseur 3", 0.25);
INSERT INTO facture VALUES (64, 64, "Fournisseur 3", 0.25);
INSERT INTO facture VALUES (65, 65, "Fournisseur 3", 0.25);
INSERT INTO facture VALUES (66, 66, "Fournisseur 3", 0.25);
INSERT INTO facture VALUES (67, 67, "Fournisseur 3", 0.25);
INSERT INTO facture VALUES (68, 68, "Fournisseur 3", 0.25);
INSERT INTO facture VALUES (69, 69, "Fournisseur 3", 0.25);
INSERT INTO facture VALUES (70, 70, "Fournisseur 3", 0.25);
INSERT INTO facture VALUES (71, 71, "Fournisseur 3", 0.25);
INSERT INTO facture VALUES (72, 72, "Fournisseur 3", 0.25);
INSERT INTO facture VALUES (73, 73, "Fournisseur 3", 0.25);
INSERT INTO facture VALUES (74, 74, "Fournisseur 3", 0.25);
INSERT INTO facture VALUES (75, 75, "Fournisseur 3", 0.25);
INSERT INTO facture VALUES (76, 76, "Fournisseur 4", 0.27);
INSERT INTO facture VALUES (77, 77, "Fournisseur 4", 0.27);
INSERT INTO facture VALUES (78, 78, "Fournisseur 4", 0.27);
INSERT INTO facture VALUES (79, 79, "Fournisseur 4", 0.27);
INSERT INTO facture VALUES (80, 80, "Fournisseur 4", 0.27);

INSERT INTO consomme VALUES (1,312, 1, 11);
INSERT INTO consomme VALUES (2,391, 2, 11);
INSERT INTO consomme VALUES (3,371, 3, 11);
INSERT INTO consomme VALUES (4,349, 4, 11);
INSERT INTO consomme VALUES (5,323, 5, 11);
INSERT INTO consomme VALUES (6,336, 6, 41);
INSERT INTO consomme VALUES (7,363, 7, 41);
INSERT INTO consomme VALUES (8,332, 8, 41);
INSERT INTO consomme VALUES (9,324, 9, 41);
INSERT INTO consomme VALUES (10,347, 10, 41);
INSERT INTO consomme VALUES (11,369, 11, 12);
INSERT INTO consomme VALUES (12,302, 12, 12);
INSERT INTO consomme VALUES (13,315, 13, 12);
INSERT INTO consomme VALUES (14,352, 14, 12);
INSERT INTO consomme VALUES (15,300, 15, 12);
INSERT INTO consomme VALUES (16,394, 16, 12);
INSERT INTO consomme VALUES (17,400, 17, 12);
INSERT INTO consomme VALUES (18,387, 18, 12);
INSERT INTO consomme VALUES (19,378, 19, 12);
INSERT INTO consomme VALUES (20,308, 20, 12);
INSERT INTO consomme VALUES (21,364, 21, 13);
INSERT INTO consomme VALUES (22,391, 22, 13);
INSERT INTO consomme VALUES (23,389, 23, 13);
INSERT INTO consomme VALUES (24,398, 24, 21);
INSERT INTO consomme VALUES (25,346, 25, 21);
INSERT INTO consomme VALUES (26,372, 26, 21);
INSERT INTO consomme VALUES (27,303, 27, 42);
INSERT INTO consomme VALUES (28,332, 28, 42);
INSERT INTO consomme VALUES (29,361, 29, 42);
INSERT INTO consomme VALUES (30,370, 30, 42);
INSERT INTO consomme VALUES (31,337, 31, 22);
INSERT INTO consomme VALUES (32,396, 32, 22);
INSERT INTO consomme VALUES (33,359, 33, 22);
INSERT INTO consomme VALUES (34,323, 34, 22);
INSERT INTO consomme VALUES (35,336, 35, 22);
INSERT INTO consomme VALUES (36,396, 36, 22);
INSERT INTO consomme VALUES (37,305, 37, 22);
INSERT INTO consomme VALUES (38,379, 38, 22);
INSERT INTO consomme VALUES (39,318, 39, 22);
INSERT INTO consomme VALUES (40,366, 40, 22);
INSERT INTO consomme VALUES (41,394, 41, 23);
INSERT INTO consomme VALUES (42,343, 42, 23);
INSERT INTO consomme VALUES (43,386, 43, 23);
INSERT INTO consomme VALUES (44,308, 44, 23);
INSERT INTO consomme VALUES (45,390, 45, 23);
INSERT INTO consomme VALUES (46,352, 46, 43);
INSERT INTO consomme VALUES (47,310, 47, 43);
INSERT INTO consomme VALUES (48,353, 48, 43);
INSERT INTO consomme VALUES (49,385, 49, 43);
INSERT INTO consomme VALUES (50,343, 50, 43);
INSERT INTO consomme VALUES (51,368, 51, 24);
INSERT INTO consomme VALUES (52,300, 52, 24);
INSERT INTO consomme VALUES (53,360, 53, 24);
INSERT INTO consomme VALUES (54,364, 54, 31);
INSERT INTO consomme VALUES (55,397, 55, 31);
INSERT INTO consomme VALUES (56,352, 56, 31);
INSERT INTO consomme VALUES (57,319, 57, 44);
INSERT INTO consomme VALUES (58,307, 58, 44);
INSERT INTO consomme VALUES (59,323, 59, 44);
INSERT INTO consomme VALUES (60,349, 60, 44);
INSERT INTO consomme VALUES (61,340, 61, 32);
INSERT INTO consomme VALUES (62,367, 62, 32);
INSERT INTO consomme VALUES (63,327, 63, 32);
INSERT INTO consomme VALUES (64,324, 64, 32);
INSERT INTO consomme VALUES (65,343, 65, 32);
INSERT INTO consomme VALUES (66,321, 66, 32);
INSERT INTO consomme VALUES (67,370, 67, 32);
INSERT INTO consomme VALUES (68,389, 68, 32);
INSERT INTO consomme VALUES (69,329, 69, 32);
INSERT INTO consomme VALUES (70,327, 70, 32);
INSERT INTO consomme VALUES (71,351, 71, 33);
INSERT INTO consomme VALUES (72,355, 72, 33);
INSERT INTO consomme VALUES (73,329, 73, 33);
INSERT INTO consomme VALUES (74,339, 74, 33);
INSERT INTO consomme VALUES (75,328, 75, 33);
INSERT INTO consomme VALUES (76,326, 76, 45);
INSERT INTO consomme VALUES (77,310, 77, 45);
INSERT INTO consomme VALUES (78,345, 78, 45);
INSERT INTO consomme VALUES (79,369, 79, 45);
INSERT INTO consomme VALUES (80,388, 80, 45);

INSERT INTO appartient VALUES (1, "Fournisseur 1", 11);
INSERT INTO appartient VALUES (2, "Fournisseur 1", 12);
INSERT INTO appartient VALUES (3, "Fournisseur 1", 13);
INSERT INTO appartient VALUES (4, "Fournisseur 2", 21);
INSERT INTO appartient VALUES (5, "Fournisseur 2", 22);
INSERT INTO appartient VALUES (6, "Fournisseur 2", 23);
INSERT INTO appartient VALUES (7, "Fournisseur 2", 24);
INSERT INTO appartient VALUES (8, "Fournisseur 3", 31);
INSERT INTO appartient VALUES (9, "Fournisseur 3", 32);
INSERT INTO appartient VALUES (10, "Fournisseur 3", 33);
INSERT INTO appartient VALUES (11, "Fournisseur 4", 41);
INSERT INTO appartient VALUES (12, "Fournisseur 4", 42);
INSERT INTO appartient VALUES (13, "Fournisseur 4", 43);
INSERT INTO appartient VALUES (14, "Fournisseur 4", 44);
INSERT INTO appartient VALUES (15, "Fournisseur 4", 45);
INSERT INTO appartient VALUES (16, "Fournisseur 1", 41);
INSERT INTO appartient VALUES (17, "Fournisseur 2", 42);
INSERT INTO appartient VALUES (18, "Fournisseur 3", 11);
INSERT INTO appartient VALUES (19, "Fournisseur 3", 12);
INSERT INTO appartient VALUES (20, "Fournisseur 3", 13);
