/* Personne */
INSERT INTO personne VALUES (1, "LEGRAND 1", "Paul 1");
INSERT INTO personne VALUES (2, "LEGRAND 2", "Paul 2");
INSERT INTO personne VALUES (3, "LEGRAND 3", "Paul 3");
INSERT INTO personne VALUES (4, "LEGRAND 4", "Paul 4");
INSERT INTO personne VALUES (5, "LEGRAND 5", "Paul 5");
INSERT INTO personne VALUES (6, "LEGRAND 6", "Paul 6");
INSERT INTO personne VALUES (7, "LEGRAND 7", "Paul 7");
INSERT INTO personne VALUES (8, "LEGRAND 8", "Paul 8");
INSERT INTO personne VALUES (9, "LEGRAND 9", "Paul 9");
INSERT INTO personne VALUES (10, "LEGRAND 10", "Paul 10");
INSERT INTO personne VALUES (11, "LEGRAND 11", "Paul 11");
INSERT INTO personne VALUES (12, "LEGRAND 12", "Paul 12");
INSERT INTO personne VALUES (13, "LEGRAND 13", "Paul 13");
INSERT INTO personne VALUES (14, "LEGRAND 14", "Paul 14");
INSERT INTO personne VALUES (15, "LEGRAND 15", "Paul 15");
INSERT INTO personne VALUES (16, "LEGRAND 16", "Paul 16");
INSERT INTO personne VALUES (17, "LEGRAND 17", "Paul 17");
INSERT INTO personne VALUES (18, "LEGRAND 18", "Paul 18");
INSERT INTO personne VALUES (19, "LEGRAND 19", "Paul 19");
INSERT INTO personne VALUES (20, "LEGRAND 20", "Paul 20");
INSERT INTO personne VALUES (21, "LEGRAND 21", "Paul 21");
INSERT INTO personne VALUES (22, "LEGRAND 22", "Paul 22");
INSERT INTO personne VALUES (23, "LEGRAND 23", "Paul 23");
INSERT INTO personne VALUES (24, "LEGRAND 24", "Paul 24");
INSERT INTO personne VALUES (25, "LEGRAND 25", "Paul 25");
INSERT INTO personne VALUES (26, "LEGRAND 26", "Paul 26");
INSERT INTO personne VALUES (27, "LEGRAND 27", "Paul 27");
INSERT INTO personne VALUES (28, "LEGRAND 28", "Paul 28");
INSERT INTO personne VALUES (29, "LEGRAND 29", "Paul 29");
INSERT INTO personne VALUES (30, "LEGRAND 30", "Paul 30");
INSERT INTO personne VALUES (31, "LEGRAND 31", "Paul 31");
INSERT INTO personne VALUES (32, "LEGRAND 32", "Paul 32");
INSERT INTO personne VALUES (33, "LEGRAND 33", "Paul 33");
INSERT INTO personne VALUES (34, "LEGRAND 34", "Paul 34");
INSERT INTO personne VALUES (35, "LEGRAND 35", "Paul 35");
INSERT INTO personne VALUES (36, "LEGRAND 36", "Paul 36");
INSERT INTO personne VALUES (37, "LEGRAND 37", "Paul 37");
INSERT INTO personne VALUES (38, "LEGRAND 38", "Paul 38");
INSERT INTO personne VALUES (39, "LEGRAND 39", "Paul 39");
INSERT INTO personne VALUES (40, "LEGRAND 40", "Paul 40");
INSERT INTO personne VALUES (41, "LEGRAND 41", "Paul 41");
INSERT INTO personne VALUES (42, "LEGRAND 42", "Paul 42");
INSERT INTO personne VALUES (43, "LEGRAND 43", "Paul 43");
INSERT INTO personne VALUES (44, "LEGRAND 44", "Paul 44");
INSERT INTO personne VALUES (45, "LEGRAND 45", "Paul 45");
INSERT INTO personne VALUES (46, "LEGRAND 46", "Paul 46");
INSERT INTO personne VALUES (47, "LEGRAND 47", "Paul 47");
INSERT INTO personne VALUES (48, "LEGRAND 48", "Paul 48");
INSERT INTO personne VALUES (49, "LEGRAND 49", "Paul 49");
INSERT INTO personne VALUES (50, "LEGRAND 50", "Paul 50");
INSERT INTO personne VALUES (51, "LEGRAND 51", "Paul 51");
INSERT INTO personne VALUES (52, "LEGRAND 52", "Paul 52");
INSERT INTO personne VALUES (53, "LEGRAND 53", "Paul 53");
INSERT INTO personne VALUES (54, "LEGRAND 54", "Paul 54");
INSERT INTO personne VALUES (55, "LEGRAND 55", "Paul 55");
INSERT INTO personne VALUES (56, "LEGRAND 56", "Paul 56");
INSERT INTO personne VALUES (57, "LEGRAND 57", "Paul 57");
INSERT INTO personne VALUES (58, "LEGRAND 58", "Paul 58");
INSERT INTO personne VALUES (59, "LEGRAND 59", "Paul 59");
INSERT INTO personne VALUES (60, "LEGRAND 60", "Paul 60");
INSERT INTO personne VALUES (61, "LEGRAND 61", "Paul 61");
INSERT INTO personne VALUES (62, "LEGRAND 62", "Paul 62");
INSERT INTO personne VALUES (63, "LEGRAND 63", "Paul 63");
INSERT INTO personne VALUES (64, "LEGRAND 64", "Paul 64");
INSERT INTO personne VALUES (65, "LEGRAND 65", "Paul 65");
INSERT INTO personne VALUES (66, "LEGRAND 66", "Paul 66");
INSERT INTO personne VALUES (67, "LEGRAND 67", "Paul 67");
INSERT INTO personne VALUES (68, "LEGRAND 68", "Paul 68");
INSERT INTO personne VALUES (69, "LEGRAND 69", "Paul 69");
INSERT INTO personne VALUES (70, "LEGRAND 70", "Paul 70");
INSERT INTO personne VALUES (71, "LEGRAND 71", "Paul 71");
INSERT INTO personne VALUES (72, "LEGRAND 72", "Paul 72");
INSERT INTO personne VALUES (73, "LEGRAND 73", "Paul 73");
INSERT INTO personne VALUES (74, "LEGRAND 74", "Paul 74");
INSERT INTO personne VALUES (75, "LEGRAND 75", "Paul 75");
INSERT INTO personne VALUES (76, "LEGRAND 76", "Paul 76");
INSERT INTO personne VALUES (77, "LEGRAND 77", "Paul 77");
INSERT INTO personne VALUES (78, "LEGRAND 78", "Paul 78");
INSERT INTO personne VALUES (79, "LEGRAND 79", "Paul 79");
INSERT INTO personne VALUES (80, "LEGRAND 80", "Paul 80");

/* Centre */
INSERT INTO centre VALUES (11, "électricité");
INSERT INTO centre VALUES (12, "électricité");
INSERT INTO centre VALUES (13, "gaz");
INSERT INTO centre VALUES (21, "gaz");
INSERT INTO centre VALUES (22, "électricité");
INSERT INTO centre VALUES (23, "électricité");
INSERT INTO centre VALUES (24, "électricité");
INSERT INTO centre VALUES (31, "électricité");
INSERT INTO centre VALUES (32, "électricité");
INSERT INTO centre VALUES (33, "gaz");
INSERT INTO centre VALUES (41, "électricité");
INSERT INTO centre VALUES (42, "gaz");
INSERT INTO centre VALUES (43, "électricité");
INSERT INTO centre VALUES (44, "électricité");
INSERT INTO centre VALUES (45, "gaz");

/* Ville */
INSERT INTO ville VALUES (10100, "Ville 1", "10");
INSERT INTO ville VALUES (10200, "Ville 2", "10");
INSERT INTO ville VALUES (20100, "Ville 3", "20");
INSERT INTO ville VALUES (20200, "Ville 4", "20");
INSERT INTO ville VALUES (30100, "Ville 5", "30");
INSERT INTO ville VALUES (40100, "Ville 6", "40");
INSERT INTO ville VALUES (50100, "Ville 7", "50");
INSERT INTO ville VALUES (50200, "Ville 8", "50");

/* Fournisseur */
INSERT INTO fournisseur VALUES ("Fournisseur 1");
INSERT INTO fournisseur VALUES ("Fournisseur 2");
INSERT INTO fournisseur VALUES ("Fournisseur 3");
INSERT INTO fournisseur VALUES ("Fournisseur 4");

/* Habite */
INSERT INTO habite VALUES (1, 10100, "Adresse de 1");
INSERT INTO habite VALUES (2, 10100, "Adresse de 2");
INSERT INTO habite VALUES (3, 10100, "Adresse de 3");
INSERT INTO habite VALUES (4, 10100, "Adresse de 4");
INSERT INTO habite VALUES (5, 10100, "Adresse de 5");
INSERT INTO habite VALUES (6, 10100, "Adresse de 6");
INSERT INTO habite VALUES (7, 10100, "Adresse de 7");
INSERT INTO habite VALUES (8, 10100, "Adresse de 8");
INSERT INTO habite VALUES (9, 10100, "Adresse de 9");
INSERT INTO habite VALUES (10, 10100, "Adresse de 10");
INSERT INTO habite VALUES (11, 10200, "Adresse de 11");
INSERT INTO habite VALUES (12, 10200, "Adresse de 12");
INSERT INTO habite VALUES (13, 10200, "Adresse de 13");
INSERT INTO habite VALUES (14, 10200, "Adresse de 14");
INSERT INTO habite VALUES (15, 10200, "Adresse de 15");
INSERT INTO habite VALUES (16, 10200, "Adresse de 16");
INSERT INTO habite VALUES (17, 10200, "Adresse de 17");
INSERT INTO habite VALUES (18, 10200, "Adresse de 18");
INSERT INTO habite VALUES (19, 10200, "Adresse de 19");
INSERT INTO habite VALUES (20, 10200, "Adresse de 20");
INSERT INTO habite VALUES (21, 20100, "Adresse de 21");
INSERT INTO habite VALUES (22, 20100, "Adresse de 22");
INSERT INTO habite VALUES (23, 20100, "Adresse de 23");
INSERT INTO habite VALUES (24, 20100, "Adresse de 24");
INSERT INTO habite VALUES (25, 20100, "Adresse de 25");
INSERT INTO habite VALUES (26, 20100, "Adresse de 26");
INSERT INTO habite VALUES (27, 20100, "Adresse de 27");
INSERT INTO habite VALUES (28, 20100, "Adresse de 28");
INSERT INTO habite VALUES (29, 20100, "Adresse de 29");
INSERT INTO habite VALUES (30, 20100, "Adresse de 30");
INSERT INTO habite VALUES (31, 20200, "Adresse de 31");
INSERT INTO habite VALUES (32, 20200, "Adresse de 32");
INSERT INTO habite VALUES (33, 20200, "Adresse de 33");
INSERT INTO habite VALUES (34, 20200, "Adresse de 34");
INSERT INTO habite VALUES (35, 20200, "Adresse de 35");
INSERT INTO habite VALUES (36, 20200, "Adresse de 36");
INSERT INTO habite VALUES (37, 20200, "Adresse de 37");
INSERT INTO habite VALUES (38, 20200, "Adresse de 38");
INSERT INTO habite VALUES (39, 20200, "Adresse de 39");
INSERT INTO habite VALUES (40, 20200, "Adresse de 40");
INSERT INTO habite VALUES (41, 30100, "Adresse de 41");
INSERT INTO habite VALUES (42, 30100, "Adresse de 42");
INSERT INTO habite VALUES (43, 30100, "Adresse de 43");
INSERT INTO habite VALUES (44, 30100, "Adresse de 44");
INSERT INTO habite VALUES (45, 30100, "Adresse de 45");
INSERT INTO habite VALUES (46, 30100, "Adresse de 46");
INSERT INTO habite VALUES (47, 30100, "Adresse de 47");
INSERT INTO habite VALUES (48, 30100, "Adresse de 48");
INSERT INTO habite VALUES (49, 30100, "Adresse de 49");
INSERT INTO habite VALUES (50, 30100, "Adresse de 50");
INSERT INTO habite VALUES (51, 40100, "Adresse de 51");
INSERT INTO habite VALUES (52, 40100, "Adresse de 52");
INSERT INTO habite VALUES (53, 40100, "Adresse de 53");
INSERT INTO habite VALUES (54, 40100, "Adresse de 54");
INSERT INTO habite VALUES (55, 40100, "Adresse de 55");
INSERT INTO habite VALUES (56, 40100, "Adresse de 56");
INSERT INTO habite VALUES (57, 40100, "Adresse de 57");
INSERT INTO habite VALUES (58, 40100, "Adresse de 58");
INSERT INTO habite VALUES (59, 40100, "Adresse de 59");
INSERT INTO habite VALUES (60, 40100, "Adresse de 60");
INSERT INTO habite VALUES (61, 50100, "Adresse de 61");
INSERT INTO habite VALUES (62, 50100, "Adresse de 62");
INSERT INTO habite VALUES (63, 50100, "Adresse de 63");
INSERT INTO habite VALUES (64, 50100, "Adresse de 64");
INSERT INTO habite VALUES (65, 50100, "Adresse de 65");
INSERT INTO habite VALUES (66, 50100, "Adresse de 66");
INSERT INTO habite VALUES (67, 50100, "Adresse de 67");
INSERT INTO habite VALUES (68, 50100, "Adresse de 68");
INSERT INTO habite VALUES (69, 50100, "Adresse de 69");
INSERT INTO habite VALUES (70, 50100, "Adresse de 70");
INSERT INTO habite VALUES (71, 50200, "Adresse de 71");
INSERT INTO habite VALUES (72, 50200, "Adresse de 72");
INSERT INTO habite VALUES (73, 50200, "Adresse de 73");
INSERT INTO habite VALUES (74, 50200, "Adresse de 74");
INSERT INTO habite VALUES (75, 50200, "Adresse de 75");
INSERT INTO habite VALUES (76, 50200, "Adresse de 76");
INSERT INTO habite VALUES (77, 50200, "Adresse de 77");
INSERT INTO habite VALUES (78, 50200, "Adresse de 78");
INSERT INTO habite VALUES (79, 50200, "Adresse de 79");
INSERT INTO habite VALUES (80, 50200, "Adresse de 80");

/* Situe */
INSERT INTO situe VALUES (11, 10100, "Adresse centre 11");
INSERT INTO situe VALUES (12, 10200, "Adresse centre 12");
INSERT INTO situe VALUES (13, 20100, "Adresse centre 13");
INSERT INTO situe VALUES (21, 20100, "Adresse centre 21");
INSERT INTO situe VALUES (22, 20200, "Adresse centre 22");
INSERT INTO situe VALUES (23, 30100, "Adresse centre 23");
INSERT INTO situe VALUES (24, 40100, "Adresse centre 24");
INSERT INTO situe VALUES (31, 40100, "Adresse centre 31");
INSERT INTO situe VALUES (32, 50100, "Adresse centre 32");
INSERT INTO situe VALUES (33, 50200, "Adresse centre 33");
INSERT INTO situe VALUES (41, 10100, "Adresse centre 41");
INSERT INTO situe VALUES (42, 20100, "Adresse centre 42");
INSERT INTO situe VALUES (43, 30100, "Adresse centre 43");
INSERT INTO situe VALUES (44, 40100, "Adresse centre 44");
INSERT INTO situe VALUES (45, 50100, "Adresse centre 45");

/* Appaertient */
INSERT INTO appartient VALUES ("Fournisseur 1", 11);
INSERT INTO appartient VALUES ("Fournisseur 1", 12);
INSERT INTO appartient VALUES ("Fournisseur 1", 13);
INSERT INTO appartient VALUES ("Fournisseur 2", 21);
INSERT INTO appartient VALUES ("Fournisseur 2", 22);
INSERT INTO appartient VALUES ("Fournisseur 2", 23);
INSERT INTO appartient VALUES ("Fournisseur 2", 24);
INSERT INTO appartient VALUES ("Fournisseur 3", 31);
INSERT INTO appartient VALUES ("Fournisseur 3", 32);
INSERT INTO appartient VALUES ("Fournisseur 3", 33);
INSERT INTO appartient VALUES ("Fournisseur 4", 41);
INSERT INTO appartient VALUES ("Fournisseur 4", 42);
INSERT INTO appartient VALUES ("Fournisseur 4", 43);
INSERT INTO appartient VALUES ("Fournisseur 4", 44);
INSERT INTO appartient VALUES ("Fournisseur 4", 45);

/* Consomme */
INSERT INTO consomme VALUES (2, 1, 11);
INSERT INTO consomme VALUES (3, 2, 11);
INSERT INTO consomme VALUES (5, 3, 11);
INSERT INTO consomme VALUES (7, 4, 11);
INSERT INTO consomme VALUES (1, 5, 11);
INSERT INTO consomme VALUES (4, 6, 41);
INSERT INTO consomme VALUES (6, 7, 41);
INSERT INTO consomme VALUES (1, 8, 41);
INSERT INTO consomme VALUES (10, 9, 41);
INSERT INTO consomme VALUES (10, 10, 41);
INSERT INTO consomme VALUES (5, 11, 12);
INSERT INTO consomme VALUES (1, 12, 12);
INSERT INTO consomme VALUES (8, 13, 12);
INSERT INTO consomme VALUES (2, 14, 12);
INSERT INTO consomme VALUES (9, 15, 12);
INSERT INTO consomme VALUES (5, 16, 12);
INSERT INTO consomme VALUES (9, 17, 12);
INSERT INTO consomme VALUES (9, 18, 12);
INSERT INTO consomme VALUES (4, 19, 12);
INSERT INTO consomme VALUES (4, 20, 12);
INSERT INTO consomme VALUES (6, 21, 13);
INSERT INTO consomme VALUES (6, 22, 13);
INSERT INTO consomme VALUES (3, 23, 13);
INSERT INTO consomme VALUES (10, 24, 21);
INSERT INTO consomme VALUES (9, 25, 21);
INSERT INTO consomme VALUES (2, 26, 21);
INSERT INTO consomme VALUES (8, 27, 42);
INSERT INTO consomme VALUES (1, 28, 42);
INSERT INTO consomme VALUES (5, 29, 42);
INSERT INTO consomme VALUES (4, 30, 42);
INSERT INTO consomme VALUES (2, 31, 22);
INSERT INTO consomme VALUES (7, 32, 22);
INSERT INTO consomme VALUES (2, 33, 22);
INSERT INTO consomme VALUES (6, 34, 22);
INSERT INTO consomme VALUES (6, 35, 22);
INSERT INTO consomme VALUES (4, 36, 22);
INSERT INTO consomme VALUES (5, 37, 22);
INSERT INTO consomme VALUES (4, 38, 22);
INSERT INTO consomme VALUES (8, 39, 22);
INSERT INTO consomme VALUES (4, 40, 22);
INSERT INTO consomme VALUES (3, 41, 23);
INSERT INTO consomme VALUES (10, 42, 23);
INSERT INTO consomme VALUES (6, 43, 23);
INSERT INTO consomme VALUES (8, 44, 23);
INSERT INTO consomme VALUES (9, 45, 23);
INSERT INTO consomme VALUES (7, 46, 43);
INSERT INTO consomme VALUES (6, 47, 43);
INSERT INTO consomme VALUES (2, 48, 43);
INSERT INTO consomme VALUES (6, 49, 43);
INSERT INTO consomme VALUES (9, 50, 43);
INSERT INTO consomme VALUES (5, 51, 24);
INSERT INTO consomme VALUES (7, 52, 24);
INSERT INTO consomme VALUES (5, 53, 24);
INSERT INTO consomme VALUES (2, 54, 31);
INSERT INTO consomme VALUES (2, 55, 31);
INSERT INTO consomme VALUES (5, 56, 31);
INSERT INTO consomme VALUES (7, 57, 44);
INSERT INTO consomme VALUES (1, 58, 44);
INSERT INTO consomme VALUES (8, 59, 44);
INSERT INTO consomme VALUES (9, 60, 44);
INSERT INTO consomme VALUES (10, 61, 32);
INSERT INTO consomme VALUES (4, 62, 32);
INSERT INTO consomme VALUES (7, 63, 32);
INSERT INTO consomme VALUES (4, 64, 32);
INSERT INTO consomme VALUES (9, 65, 32);
INSERT INTO consomme VALUES (7, 66, 32);
INSERT INTO consomme VALUES (6, 67, 32);
INSERT INTO consomme VALUES (1, 68, 32);
INSERT INTO consomme VALUES (1, 69, 32);
INSERT INTO consomme VALUES (8, 70, 32);
INSERT INTO consomme VALUES (6, 71, 33);
INSERT INTO consomme VALUES (1, 72, 33);
INSERT INTO consomme VALUES (10, 73, 33);
INSERT INTO consomme VALUES (1, 74, 33);
INSERT INTO consomme VALUES (7, 75, 33);
INSERT INTO consomme VALUES (3, 76, 45);
INSERT INTO consomme VALUES (10, 77, 45);
INSERT INTO consomme VALUES (9, 78, 45);
INSERT INTO consomme VALUES (9, 79, 45);
INSERT INTO consomme VALUES (5, 80, 45);

/* Facture */
INSERT INTO facture VALUES (1, 1, "Fournisseur 1", 21);
INSERT INTO facture VALUES (2, 2, "Fournisseur 1", 21);
INSERT INTO facture VALUES (3, 3, "Fournisseur 1", 21);
INSERT INTO facture VALUES (4, 4, "Fournisseur 1", 21);
INSERT INTO facture VALUES (5, 5, "Fournisseur 1", 21);
INSERT INTO facture VALUES (6, 6, "Fournisseur 4", 27);
INSERT INTO facture VALUES (7, 7, "Fournisseur 4", 27);
INSERT INTO facture VALUES (8, 8, "Fournisseur 4", 27);
INSERT INTO facture VALUES (9, 9, "Fournisseur 4", 27);
INSERT INTO facture VALUES (10, 10, "Fournisseur 4", 27);
INSERT INTO facture VALUES (11, 11, "Fournisseur 1", 21);
INSERT INTO facture VALUES (12, 12, "Fournisseur 1", 21);
INSERT INTO facture VALUES (13, 13, "Fournisseur 1", 21);
INSERT INTO facture VALUES (14, 14, "Fournisseur 1", 21);
INSERT INTO facture VALUES (15, 15, "Fournisseur 1", 21);
INSERT INTO facture VALUES (16, 16, "Fournisseur 1", 21);
INSERT INTO facture VALUES (17, 17, "Fournisseur 1", 21);
INSERT INTO facture VALUES (18, 18, "Fournisseur 1", 21);
INSERT INTO facture VALUES (19, 19, "Fournisseur 1", 21);
INSERT INTO facture VALUES (20, 20, "Fournisseur 1", 21);
INSERT INTO facture VALUES (21, 21, "Fournisseur 1", 21);
INSERT INTO facture VALUES (22, 22, "Fournisseur 1", 21);
INSERT INTO facture VALUES (23, 23, "Fournisseur 1", 21);
INSERT INTO facture VALUES (24, 24, "Fournisseur 2", 23);
INSERT INTO facture VALUES (25, 25, "Fournisseur 2", 23);
INSERT INTO facture VALUES (26, 26, "Fournisseur 2", 23);
INSERT INTO facture VALUES (27, 27, "Fournisseur 4", 27);
INSERT INTO facture VALUES (28, 28, "Fournisseur 4", 27);
INSERT INTO facture VALUES (29, 29, "Fournisseur 4", 27);
INSERT INTO facture VALUES (30, 30, "Fournisseur 4", 27);
INSERT INTO facture VALUES (31, 31, "Fournisseur 2", 23);
INSERT INTO facture VALUES (32, 32, "Fournisseur 2", 23);
INSERT INTO facture VALUES (33, 33, "Fournisseur 2", 23);
INSERT INTO facture VALUES (34, 34, "Fournisseur 2", 23);
INSERT INTO facture VALUES (35, 35, "Fournisseur 2", 23);
INSERT INTO facture VALUES (36, 36, "Fournisseur 2", 23);
INSERT INTO facture VALUES (37, 37, "Fournisseur 2", 23);
INSERT INTO facture VALUES (38, 38, "Fournisseur 2", 23);
INSERT INTO facture VALUES (39, 39, "Fournisseur 2", 23);
INSERT INTO facture VALUES (40, 40, "Fournisseur 2", 23);
INSERT INTO facture VALUES (41, 41, "Fournisseur 2", 23);
INSERT INTO facture VALUES (42, 42, "Fournisseur 2", 23);
INSERT INTO facture VALUES (43, 43, "Fournisseur 2", 23);
INSERT INTO facture VALUES (44, 44, "Fournisseur 2", 23);
INSERT INTO facture VALUES (45, 45, "Fournisseur 2", 23);
INSERT INTO facture VALUES (46, 46, "Fournisseur 4", 27);
INSERT INTO facture VALUES (47, 47, "Fournisseur 4", 27);
INSERT INTO facture VALUES (48, 48, "Fournisseur 4", 27);
INSERT INTO facture VALUES (49, 49, "Fournisseur 4", 27);
INSERT INTO facture VALUES (50, 50, "Fournisseur 4", 27);
INSERT INTO facture VALUES (51, 51, "Fournisseur 2", 23);
INSERT INTO facture VALUES (52, 52, "Fournisseur 2", 23);
INSERT INTO facture VALUES (53, 53, "Fournisseur 2", 23);
INSERT INTO facture VALUES (54, 54, "Fournisseur 3", 25);
INSERT INTO facture VALUES (55, 55, "Fournisseur 3", 25);
INSERT INTO facture VALUES (56, 56, "Fournisseur 3", 25);
INSERT INTO facture VALUES (57, 57, "Fournisseur 4", 27);
INSERT INTO facture VALUES (58, 58, "Fournisseur 4", 27);
INSERT INTO facture VALUES (59, 59, "Fournisseur 4", 27);
INSERT INTO facture VALUES (60, 60, "Fournisseur 4", 27);
INSERT INTO facture VALUES (61, 61, "Fournisseur 3", 25);
INSERT INTO facture VALUES (62, 62, "Fournisseur 3", 25);
INSERT INTO facture VALUES (63, 63, "Fournisseur 3", 25);
INSERT INTO facture VALUES (64, 64, "Fournisseur 3", 25);
INSERT INTO facture VALUES (65, 65, "Fournisseur 3", 25);
INSERT INTO facture VALUES (66, 66, "Fournisseur 3", 25);
INSERT INTO facture VALUES (67, 67, "Fournisseur 3", 25);
INSERT INTO facture VALUES (68, 68, "Fournisseur 3", 25);
INSERT INTO facture VALUES (69, 69, "Fournisseur 3", 25);
INSERT INTO facture VALUES (70, 70, "Fournisseur 3", 25);
INSERT INTO facture VALUES (71, 71, "Fournisseur 3", 25);
INSERT INTO facture VALUES (72, 72, "Fournisseur 3", 25);
INSERT INTO facture VALUES (73, 73, "Fournisseur 3", 25);
INSERT INTO facture VALUES (74, 74, "Fournisseur 3", 25);
INSERT INTO facture VALUES (75, 75, "Fournisseur 3", 25);
INSERT INTO facture VALUES (76, 76, "Fournisseur 4", 27);
INSERT INTO facture VALUES (77, 77, "Fournisseur 4", 27);
INSERT INTO facture VALUES (78, 78, "Fournisseur 4", 27);
INSERT INTO facture VALUES (79, 79, "Fournisseur 4", 27);
INSERT INTO facture VALUES (80, 80, "Fournisseur 4", 27);
